Pedro Pascal Cries From His Head While Eating Spicy Wings | Hot Ones,https://i.ytimg.com/vi/zVRwUHbHgt8/default.jpg,First We Feast,4429078
Fortnite Chapter 4 Season 2 MEGA Cinematic Trailer,https://i.ytimg.com/vi/goCoXdp7k2E/default.jpg,Fortnite,1624560
Man. United vs. Real Betis: Extended Highlights | UEL Round of 16 - 1st Leg | CBS Sports Golazo,https://i.ytimg.com/vi/1GbBySH3A6w/default.jpg,CBS Sports Golazo - Europe,520140
"TWICE ""SET ME FREE"" M/V",https://i.ytimg.com/vi/w4cTYnOPdNk/default.jpg,JYP Entertainment,8667537
NF - MOTTO,https://i.ytimg.com/vi/0YKOxtOb44c/default.jpg,NFVEVO,1910598
Fortnite Chapter 4 Season 2 Launch Gameplay Trailer,https://i.ytimg.com/vi/rs8YIhsbZxg/default.jpg,Fortnite,1379583
Welcome to Fortnite: MEGA Intro Trailer,https://i.ytimg.com/vi/t-FVEZNljAE/default.jpg,Fortnite,1633105
The Super Mario Bros. Movie | Final Trailer,https://i.ytimg.com/vi/RjNcTBXTk4I/default.jpg,Illumination,2005750
Sporting CP vs. Arsenal: Extended Highlights | UEL Round of 16-1st Leg | CBS Sports Golazo - Europe,https://i.ytimg.com/vi/u1pPHIqdzeg/default.jpg,CBS Sports Golazo - Europe,342453
I Played in the NBA Celebrity Game and This Happened…,https://i.ytimg.com/vi/-CpbCWBPWhc/default.jpg,Jesser,830358
Miley Cyrus - River (Official Video),https://i.ytimg.com/vi/v_4fljfr2r4/default.jpg,MileyCyrusVEVO,2021859
MY UNTOLD STORY...,https://i.ytimg.com/vi/W9JKlxYVelA/default.jpg,The ACE Family,271284
Eladio Carrión ft. Future - Mbappe Remix (Video Oficial) | 3MEN2KBRN,https://i.ytimg.com/vi/0AT35qjBpu4/default.jpg,Eladio Carrion,1156907
GERVONTA DAVIS VS RYAN GARCIA • FULL HEATED KICK OFF PRESS CONFERENCE AND FACE OFF VIDEO!,https://i.ytimg.com/vi/u5tsB-kl0Os/default.jpg,Fight Hub TV,933083
Quando Rondo - Tear It Down [Official Music Video],https://i.ytimg.com/vi/2QRWPouGltM/default.jpg,Quando Rondo,279447
Pedro Pascal Cries From His Head While Eating Spicy Wings | Hot Ones,https://i.ytimg.com/vi/zVRwUHbHgt8/default.jpg,First We Feast,4429078
Fortnite Chapter 4 Season 2 MEGA Cinematic Trailer,https://i.ytimg.com/vi/goCoXdp7k2E/default.jpg,Fortnite,1624560
Man. United vs. Real Betis: Extended Highlights | UEL Round of 16 - 1st Leg | CBS Sports Golazo,https://i.ytimg.com/vi/1GbBySH3A6w/default.jpg,CBS Sports Golazo - Europe,521117
"TWICE ""SET ME FREE"" M/V",https://i.ytimg.com/vi/w4cTYnOPdNk/default.jpg,JYP Entertainment,8667537
NF - MOTTO,https://i.ytimg.com/vi/0YKOxtOb44c/default.jpg,NFVEVO,1910598
Fortnite Chapter 4 Season 2 Launch Gameplay Trailer,https://i.ytimg.com/vi/rs8YIhsbZxg/default.jpg,Fortnite,1379583
Welcome to Fortnite: MEGA Intro Trailer,https://i.ytimg.com/vi/t-FVEZNljAE/default.jpg,Fortnite,1633105
The Super Mario Bros. Movie | Final Trailer,https://i.ytimg.com/vi/RjNcTBXTk4I/default.jpg,Illumination,2005750
Sporting CP vs. Arsenal: Extended Highlights | UEL Round of 16-1st Leg | CBS Sports Golazo - Europe,https://i.ytimg.com/vi/u1pPHIqdzeg/default.jpg,CBS Sports Golazo - Europe,342453
I Played in the NBA Celebrity Game and This Happened…,https://i.ytimg.com/vi/-CpbCWBPWhc/default.jpg,Jesser,831534
Miley Cyrus - River (Official Video),https://i.ytimg.com/vi/v_4fljfr2r4/default.jpg,MileyCyrusVEVO,2021859
MY UNTOLD STORY...,https://i.ytimg.com/vi/W9JKlxYVelA/default.jpg,The ACE Family,271284
Eladio Carrión ft. Future - Mbappe Remix (Video Oficial) | 3MEN2KBRN,https://i.ytimg.com/vi/0AT35qjBpu4/default.jpg,Eladio Carrion,1156907
GERVONTA DAVIS VS RYAN GARCIA • FULL HEATED KICK OFF PRESS CONFERENCE AND FACE OFF VIDEO!,https://i.ytimg.com/vi/u5tsB-kl0Os/default.jpg,Fight Hub TV,933083
Quando Rondo - Tear It Down [Official Music Video],https://i.ytimg.com/vi/2QRWPouGltM/default.jpg,Quando Rondo,279461
Pedro Pascal Cries From His Head While Eating Spicy Wings | Hot Ones,https://i.ytimg.com/vi/zVRwUHbHgt8/default.jpg,First We Feast,5094817
Fortnite Chapter 4 Season 2 MEGA Cinematic Trailer,https://i.ytimg.com/vi/goCoXdp7k2E/default.jpg,Fortnite,1865932
"TWICE ""SET ME FREE"" M/V",https://i.ytimg.com/vi/w4cTYnOPdNk/default.jpg,JYP Entertainment,10969606
Man. United vs. Real Betis: Extended Highlights | UEL Round of 16 - 1st Leg | CBS Sports Golazo,https://i.ytimg.com/vi/1GbBySH3A6w/default.jpg,CBS Sports Golazo - Europe,594180
NF - MOTTO,https://i.ytimg.com/vi/0YKOxtOb44c/default.jpg,NFVEVO,2237653
Fortnite Chapter 4 Season 2 Launch Gameplay Trailer,https://i.ytimg.com/vi/rs8YIhsbZxg/default.jpg,Fortnite,1687326
The Super Mario Bros. Movie | Final Trailer,https://i.ytimg.com/vi/RjNcTBXTk4I/default.jpg,Illumination,2469019
Welcome to Fortnite: MEGA Intro Trailer,https://i.ytimg.com/vi/t-FVEZNljAE/default.jpg,Fortnite,1708830
Miley Cyrus - River (Official Video),https://i.ytimg.com/vi/v_4fljfr2r4/default.jpg,MileyCyrusVEVO,3524994
Sporting CP vs. Arsenal: Extended Highlights | UEL Round of 16-1st Leg | CBS Sports Golazo - Europe,https://i.ytimg.com/vi/u1pPHIqdzeg/default.jpg,CBS Sports Golazo - Europe,385452
"JOYNER LUCAS - Devil's Work 2 (Not Now, I’m Busy)",https://i.ytimg.com/vi/5RAVxnl9KzI/default.jpg,Joyner Lucas,97406
I Played in the NBA Celebrity Game and This Happened…,https://i.ytimg.com/vi/-CpbCWBPWhc/default.jpg,Jesser,998253
Meghan Trainor - Mother (Official Music Video),https://i.ytimg.com/vi/9coyY-SPIXU/default.jpg,MeghanTrainorVEVO,249463
The Inside Guys React To Dillon Brook and Draymond Green's Beef | NBA on TNT,https://i.ytimg.com/vi/RQ-I1_Mt0E4/default.jpg,NBA on TNT,532924
Eladio Carrión ft. Future - Mbappe Remix (Video Oficial) | 3MEN2KBRN,https://i.ytimg.com/vi/0AT35qjBpu4/default.jpg,Eladio Carrion,1477271
Pedro Pascal Cries From His Head While Eating Spicy Wings | Hot Ones,https://i.ytimg.com/vi/zVRwUHbHgt8/default.jpg,First We Feast,5094817
Fortnite Chapter 4 Season 2 MEGA Cinematic Trailer,https://i.ytimg.com/vi/goCoXdp7k2E/default.jpg,Fortnite,1865932
"TWICE ""SET ME FREE"" M/V",https://i.ytimg.com/vi/w4cTYnOPdNk/default.jpg,JYP Entertainment,10969606
Man. United vs. Real Betis: Extended Highlights | UEL Round of 16 - 1st Leg | CBS Sports Golazo,https://i.ytimg.com/vi/1GbBySH3A6w/default.jpg,CBS Sports Golazo - Europe,594180
NF - MOTTO,https://i.ytimg.com/vi/0YKOxtOb44c/default.jpg,NFVEVO,2237653
Fortnite Chapter 4 Season 2 Launch Gameplay Trailer,https://i.ytimg.com/vi/rs8YIhsbZxg/default.jpg,Fortnite,1687326
The Super Mario Bros. Movie | Final Trailer,https://i.ytimg.com/vi/RjNcTBXTk4I/default.jpg,Illumination,2475290
Welcome to Fortnite: MEGA Intro Trailer,https://i.ytimg.com/vi/t-FVEZNljAE/default.jpg,Fortnite,1709339
Miley Cyrus - River (Official Video),https://i.ytimg.com/vi/v_4fljfr2r4/default.jpg,MileyCyrusVEVO,3524994
Sporting CP vs. Arsenal: Extended Highlights | UEL Round of 16-1st Leg | CBS Sports Golazo - Europe,https://i.ytimg.com/vi/u1pPHIqdzeg/default.jpg,CBS Sports Golazo - Europe,385452
"JOYNER LUCAS - Devil's Work 2 (Not Now, I’m Busy)",https://i.ytimg.com/vi/5RAVxnl9KzI/default.jpg,Joyner Lucas,97406
I Played in the NBA Celebrity Game and This Happened…,https://i.ytimg.com/vi/-CpbCWBPWhc/default.jpg,Jesser,998253
Meghan Trainor - Mother (Official Music Video),https://i.ytimg.com/vi/9coyY-SPIXU/default.jpg,MeghanTrainorVEVO,249463
The Inside Guys React To Dillon Brook and Draymond Green's Beef | NBA on TNT,https://i.ytimg.com/vi/RQ-I1_Mt0E4/default.jpg,NBA on TNT,532924
Eladio Carrión ft. Future - Mbappe Remix (Video Oficial) | 3MEN2KBRN,https://i.ytimg.com/vi/0AT35qjBpu4/default.jpg,Eladio Carrion,1477271
Pedro Pascal Cries From His Head While Eating Spicy Wings | Hot Ones,https://i.ytimg.com/vi/zVRwUHbHgt8/default.jpg,First We Feast,5140462
Fortnite Chapter 4 Season 2 MEGA Cinematic Trailer,https://i.ytimg.com/vi/goCoXdp7k2E/default.jpg,Fortnite,1889100
"TWICE ""SET ME FREE"" M/V",https://i.ytimg.com/vi/w4cTYnOPdNk/default.jpg,JYP Entertainment,11078612
Man. United vs. Real Betis: Extended Highlights | UEL Round of 16 - 1st Leg | CBS Sports Golazo,https://i.ytimg.com/vi/1GbBySH3A6w/default.jpg,CBS Sports Golazo - Europe,598243
NF - MOTTO,https://i.ytimg.com/vi/0YKOxtOb44c/default.jpg,NFVEVO,2255261
Fortnite Chapter 4 Season 2 Launch Gameplay Trailer,https://i.ytimg.com/vi/rs8YIhsbZxg/default.jpg,Fortnite,1713146
The Super Mario Bros. Movie | Final Trailer,https://i.ytimg.com/vi/RjNcTBXTk4I/default.jpg,Illumination,2500846
Miley Cyrus - River (Official Video),https://i.ytimg.com/vi/v_4fljfr2r4/default.jpg,MileyCyrusVEVO,3595920
Welcome to Fortnite: MEGA Intro Trailer,https://i.ytimg.com/vi/t-FVEZNljAE/default.jpg,Fortnite,1712799
Sporting CP vs. Arsenal: Extended Highlights | UEL Round of 16-1st Leg | CBS Sports Golazo - Europe,https://i.ytimg.com/vi/u1pPHIqdzeg/default.jpg,CBS Sports Golazo - Europe,387488
Meghan Trainor - Mother (Official Music Video),https://i.ytimg.com/vi/9coyY-SPIXU/default.jpg,MeghanTrainorVEVO,277517
"JOYNER LUCAS - Devil's Work 2 (Not Now, I’m Busy)",https://i.ytimg.com/vi/5RAVxnl9KzI/default.jpg,Joyner Lucas,105523
The Inside Guys React To Dillon Brook and Draymond Green's Beef | NBA on TNT,https://i.ytimg.com/vi/RQ-I1_Mt0E4/default.jpg,NBA on TNT,545201
I Played in the NBA Celebrity Game and This Happened…,https://i.ytimg.com/vi/-CpbCWBPWhc/default.jpg,Jesser,1013399
I Built the ULTIMATE OCEAN BASE in Minecraft Hardcore,https://i.ytimg.com/vi/QJl0z7NmTjI/default.jpg,aCookieGod,570648
Pedro Pascal Cries From His Head While Eating Spicy Wings | Hot Ones,https://i.ytimg.com/vi/zVRwUHbHgt8/default.jpg,First We Feast,5140462
Fortnite Chapter 4 Season 2 MEGA Cinematic Trailer,https://i.ytimg.com/vi/goCoXdp7k2E/default.jpg,Fortnite,1889100
"TWICE ""SET ME FREE"" M/V",https://i.ytimg.com/vi/w4cTYnOPdNk/default.jpg,JYP Entertainment,11078612
Man. United vs. Real Betis: Extended Highlights | UEL Round of 16 - 1st Leg | CBS Sports Golazo,https://i.ytimg.com/vi/1GbBySH3A6w/default.jpg,CBS Sports Golazo - Europe,599343
NF - MOTTO,https://i.ytimg.com/vi/0YKOxtOb44c/default.jpg,NFVEVO,2255261
Fortnite Chapter 4 Season 2 Launch Gameplay Trailer,https://i.ytimg.com/vi/rs8YIhsbZxg/default.jpg,Fortnite,1720050
The Super Mario Bros. Movie | Final Trailer,https://i.ytimg.com/vi/RjNcTBXTk4I/default.jpg,Illumination,2507545
Miley Cyrus - River (Official Video),https://i.ytimg.com/vi/v_4fljfr2r4/default.jpg,MileyCyrusVEVO,3595920
Welcome to Fortnite: MEGA Intro Trailer,https://i.ytimg.com/vi/t-FVEZNljAE/default.jpg,Fortnite,1713606
Sporting CP vs. Arsenal: Extended Highlights | UEL Round of 16-1st Leg | CBS Sports Golazo - Europe,https://i.ytimg.com/vi/u1pPHIqdzeg/default.jpg,CBS Sports Golazo - Europe,387999
Meghan Trainor - Mother (Official Music Video),https://i.ytimg.com/vi/9coyY-SPIXU/default.jpg,MeghanTrainorVEVO,277541
"JOYNER LUCAS - Devil's Work 2 (Not Now, I’m Busy)",https://i.ytimg.com/vi/5RAVxnl9KzI/default.jpg,Joyner Lucas,105523
The Inside Guys React To Dillon Brook and Draymond Green's Beef | NBA on TNT,https://i.ytimg.com/vi/RQ-I1_Mt0E4/default.jpg,NBA on TNT,545201
I Played in the NBA Celebrity Game and This Happened…,https://i.ytimg.com/vi/-CpbCWBPWhc/default.jpg,Jesser,1016473
I Built the ULTIMATE OCEAN BASE in Minecraft Hardcore,https://i.ytimg.com/vi/QJl0z7NmTjI/default.jpg,aCookieGod,575576
Pedro Pascal Cries From His Head While Eating Spicy Wings | Hot Ones,https://i.ytimg.com/vi/zVRwUHbHgt8/default.jpg,First We Feast,5275750
Fortnite Chapter 4 Season 2 MEGA Cinematic Trailer,https://i.ytimg.com/vi/goCoXdp7k2E/default.jpg,Fortnite,1988061
"TWICE ""SET ME FREE"" M/V",https://i.ytimg.com/vi/w4cTYnOPdNk/default.jpg,JYP Entertainment,11703879
Man. United vs. Real Betis: Extended Highlights | UEL Round of 16 - 1st Leg | CBS Sports Golazo,https://i.ytimg.com/vi/1GbBySH3A6w/default.jpg,CBS Sports Golazo - Europe,610494
NF - MOTTO,https://i.ytimg.com/vi/0YKOxtOb44c/default.jpg,NFVEVO,2306083
Fortnite Chapter 4 Season 2 Launch Gameplay Trailer,https://i.ytimg.com/vi/rs8YIhsbZxg/default.jpg,Fortnite,1801289
Limited Life: Episode 2 - BREAD BRIDGE,https://i.ytimg.com/vi/WbvO3pp-hsE/default.jpg,Grian,517545
The Super Mario Bros. Movie | Final Trailer,https://i.ytimg.com/vi/RjNcTBXTk4I/default.jpg,Illumination,2592570
Miley Cyrus - River (Official Video),https://i.ytimg.com/vi/v_4fljfr2r4/default.jpg,MileyCyrusVEVO,3906418
Welcome to Fortnite: MEGA Intro Trailer,https://i.ytimg.com/vi/t-FVEZNljAE/default.jpg,Fortnite,1724082
Sporting CP vs. Arsenal: Extended Highlights | UEL Round of 16-1st Leg | CBS Sports Golazo - Europe,https://i.ytimg.com/vi/u1pPHIqdzeg/default.jpg,CBS Sports Golazo - Europe,394007
Meghan Trainor - Mother (Official Music Video),https://i.ytimg.com/vi/9coyY-SPIXU/default.jpg,MeghanTrainorVEVO,355129
"JOYNER LUCAS - Devil's Work 2 (Not Now, I’m Busy)",https://i.ytimg.com/vi/5RAVxnl9KzI/default.jpg,Joyner Lucas,129682
"15-Year-Old Ryley Tate Wilson Stuns Coaches with ""Dancing On My Own"" | The Voice Blind Auditions",https://i.ytimg.com/vi/MaJEUOI3KlY/default.jpg,The Voice,237743
The Inside Guys React To Dillon Brook and Draymond Green's Beef | NBA on TNT,https://i.ytimg.com/vi/RQ-I1_Mt0E4/default.jpg,NBA on TNT,579226
Pedro Pascal Cries From His Head While Eating Spicy Wings | Hot Ones,https://i.ytimg.com/vi/zVRwUHbHgt8/default.jpg,First We Feast,5275750
Fortnite Chapter 4 Season 2 MEGA Cinematic Trailer,https://i.ytimg.com/vi/goCoXdp7k2E/default.jpg,Fortnite,1988061
"TWICE ""SET ME FREE"" M/V",https://i.ytimg.com/vi/w4cTYnOPdNk/default.jpg,JYP Entertainment,11703879
Man. United vs. Real Betis: Extended Highlights | UEL Round of 16 - 1st Leg | CBS Sports Golazo,https://i.ytimg.com/vi/1GbBySH3A6w/default.jpg,CBS Sports Golazo - Europe,610494
NF - MOTTO,https://i.ytimg.com/vi/0YKOxtOb44c/default.jpg,NFVEVO,2306083
Fortnite Chapter 4 Season 2 Launch Gameplay Trailer,https://i.ytimg.com/vi/rs8YIhsbZxg/default.jpg,Fortnite,1801289
Limited Life: Episode 2 - BREAD BRIDGE,https://i.ytimg.com/vi/WbvO3pp-hsE/default.jpg,Grian,517545
The Super Mario Bros. Movie | Final Trailer,https://i.ytimg.com/vi/RjNcTBXTk4I/default.jpg,Illumination,2592570
Miley Cyrus - River (Official Video),https://i.ytimg.com/vi/v_4fljfr2r4/default.jpg,MileyCyrusVEVO,3922248
Welcome to Fortnite: MEGA Intro Trailer,https://i.ytimg.com/vi/t-FVEZNljAE/default.jpg,Fortnite,1724082
Sporting CP vs. Arsenal: Extended Highlights | UEL Round of 16-1st Leg | CBS Sports Golazo - Europe,https://i.ytimg.com/vi/u1pPHIqdzeg/default.jpg,CBS Sports Golazo - Europe,394007
Meghan Trainor - Mother (Official Music Video),https://i.ytimg.com/vi/9coyY-SPIXU/default.jpg,MeghanTrainorVEVO,355129
"JOYNER LUCAS - Devil's Work 2 (Not Now, I’m Busy)",https://i.ytimg.com/vi/5RAVxnl9KzI/default.jpg,Joyner Lucas,129682
"15-Year-Old Ryley Tate Wilson Stuns Coaches with ""Dancing On My Own"" | The Voice Blind Auditions",https://i.ytimg.com/vi/MaJEUOI3KlY/default.jpg,The Voice,237743
The Inside Guys React To Dillon Brook and Draymond Green's Beef | NBA on TNT,https://i.ytimg.com/vi/RQ-I1_Mt0E4/default.jpg,NBA on TNT,579226
